Variable / Field Name,Form Name,Section Header,Field Type,Field Label,"Choices, Calculations, OR Slider Labels",Field Note,Text Validation Type OR Show Slider Number,Text Validation Min,Text Validation Max,Identifier?,Branching Logic (Show field only if...),Required Field?,Custom Alignment,Question Number (surveys only),Matrix Group Name,Matrix Ranking?,Field Annotation
friends_total,asr_scored,,text,Friends_Total,,,,,,,,,,,,,
family_total,asr_scored,,text,Family_Total,,,,,,,,,,,,,
job_total,asr_scored,,text,Job_Total,,,,,,,,,,,,,
education_total,asr_scored,,text,Education_Total,,,,,,,,,,,,,
mean_adaptive_total,asr_scored,,text,Mean_Adaptive_Total,,,,,,,,,,,,,
personal_strengths_total,asr_scored,,text,Personal_Strengths_Total,,,,,,,,,,,,,
anxious_depressed_total,asr_scored,,text,Anxious_Depressed_Total,,,,,,,,,,,,,
withdrawn_total,asr_scored,,text,Withdrawn_Total,,,,,,,,,,,,,
somatic_complaints_total,asr_scored,,text,Somatic_Complaints_Total,,,,,,,,,,,,,
thought_problems_total,asr_scored,,text,Thought_Problems_Total,,,,,,,,,,,,,
attention_problems_total,asr_scored,,text,Attention_Problems_Total,,,,,,,,,,,,,
aggressive_behavior_total,asr_scored,,text,Aggressive_Behavior_Total,,,,,,,,,,,,,
rule_breaking_behavior_total,asr_scored,,text,Rule_Breaking_Behavior_Total,,,,,,,,,,,,,
intrusive_total,asr_scored,,text,Intrusive_Total,,,,,,,,,,,,,
internalizing_problems_total,asr_scored,,text,Internalizing_Problems_Total,,,,,,,,,,,,,
externalizing_problems_total,asr_scored,,text,Externalizing_Problems_Total,,,,,,,,,,,,,
total_problems_total,asr_scored,,text,Total_Problems_Total,,,,,,,,,,,,,
critical_items_total,asr_scored,,text,Critical_Items_Total,,,,,,,,,,,,,
tobacco_times_per_day_total,asr_scored,,text,Tobacco_Times_Per_Day_Total,,,,,,,,,,,,,
alcohol_days_drunk_total,asr_scored,,text,Alcohol_Days_Drunk_Total,,,,,,,,,,,,,
drugs_days_used_total,asr_scored,,text,Drugs_Days_Used_Total,,,,,,,,,,,,,
mean_substance_use_total,asr_scored,,text,Mean_Substance_Use_Total,,,,,,,,,,,,,
depressive_problems_total,asr_scored,,text,Depressive_Problems_Total,,,,,,,,,,,,,
anxiety_problems_total,asr_scored,,text,Anxiety_Problems_Total,,,,,,,,,,,,,
somatic_problems_total,asr_scored,,text,Somatic_Problems_Total,,,,,,,,,,,,,
avoidant_personality_problems_total,asr_scored,,text,Avoidant_Personality_Problems_Total,,,,,,,,,,,,,
ad_h_problems_total,asr_scored,,text,AD_H_Problems_Total,,,,,,,,,,,,,
antisocial_personality_total,asr_scored,,text,Antisocial_Personality_Total,,,,,,,,,,,,,
inattention_prob_total,asr_scored,,text,Inattention_Problems_Subscale_Total,,,,,,,,,,,,,
hyperactivity_impulsivity_prob_total,asr_scored,,text,Hyperactivity_Impulsivity_Problems_Subscale_Total,,,,,,,,,,,,,
sluggish_cognitive_tempo_total,asr_scored,,text,Sluggish_Cognitive_Tempo_Total,,,,,,,,,,,,,
obsessive_compulsive_problems_total,asr_scored,,text,Obsessive_Compulsive_Problems_Total,,,,,,,,,,,,,
friends_tscore,asr_scored,,text,Friends_tscore,,,,,,,,,,,,,
family_tscore,asr_scored,,text,Family_tscore,,,,,,,,,,,,,
job_tscore,asr_scored,,text,Job_tscore,,,,,,,,,,,,,
education_tscore,asr_scored,,text,Education_tscore,,,,,,,,,,,,,
mean_adaptive_tscore,asr_scored,,text,Mean_Adaptive_tscore,,,,,,,,,,,,,
personal_strengths_tscore,asr_scored,,text,Personal_Strengths_tscore,,,,,,,,,,,,,
anxious_depressed_tscore,asr_scored,,text,Anxious_Depressed_tscore,,,,,,,,,,,,,
withdrawn_tscore,asr_scored,,text,Withdrawn_tscore,,,,,,,,,,,,,
somatic_complaints_tscore,asr_scored,,text,Somatic_Complaints_tscore,,,,,,,,,,,,,
thought_problems_tscore,asr_scored,,text,Thought_Problems_tscore,,,,,,,,,,,,,
attention_problems_tscore,asr_scored,,text,Attention_Problems_tscore,,,,,,,,,,,,,
aggressive_behavior_tscore,asr_scored,,text,Aggressive_Behavior_tscore,,,,,,,,,,,,,
rule_breaking_behavior_tscore,asr_scored,,text,Rule_Breaking_Behavior_tscore,,,,,,,,,,,,,
intrusive_tscore,asr_scored,,text,Intrusive_tscore,,,,,,,,,,,,,
internalizing_problems_tscore,asr_scored,,text,Internalizing_Problems_tscore,,,,,,,,,,,,,
externalizing_problems_tscore,asr_scored,,text,Externalizing_Problems_tscore,,,,,,,,,,,,,
tscore_problems_tscore,asr_scored,,text,tscore_Problems_tscore,,,,,,,,,,,,,
critical_items_tscore,asr_scored,,text,Critical_Items_tscore,,,,,,,,,,,,,
tobacco_times_per_day_tscore,asr_scored,,text,Tobacco_Times_Per_Day_tscore,,,,,,,,,,,,,
alcohol_days_drunk_tscore,asr_scored,,text,Alcohol_Days_Drunk_tscore,,,,,,,,,,,,,
drugs_days_used_tscore,asr_scored,,text,Drugs_Days_Used_tscore,,,,,,,,,,,,,
mean_substance_use_tscore,asr_scored,,text,Mean_Substance_Use_tscore,,,,,,,,,,,,,
depressive_problems_tscore,asr_scored,,text,Depressive_Problems_tscore,,,,,,,,,,,,,
anxiety_problems_tscore,asr_scored,,text,Anxiety_Problems_tscore,,,,,,,,,,,,,
somatic_problems_tscore,asr_scored,,text,Somatic_Problems_tscore,,,,,,,,,,,,,
avoidant_personality_problems_tscore,asr_scored,,text,Avoidant_Personality_Problems_tscore,,,,,,,,,,,,,
ad_h_problems_tscore,asr_scored,,text,AD_H_Problems_tscore,,,,,,,,,,,,,
antisocial_personality_tscore,asr_scored,,text,Antisocial_Personality_tscore,,,,,,,,,,,,,
inattention_prob_tscore,asr_scored,,text,Inattention_Problems_Subscale_tscore,,,,,,,,,,,,,
hyperactivity_impulsivity_prob_tscore,asr_scored,,text,Hyperactivity_Impulsivity_Problems_Subscale_tscore,,,,,,,,,,,,,
sluggish_cognitive_tempo_tscore,asr_scored,,text,Sluggish_Cognitive_Tempo_tscore,,,,,,,,,,,,,
obsessive_compulsive_problems_tscore,asr_scored,,text,Obsessive_Compulsive_Problems_tscore,,,,,,,,,,,,,
friends_percentile,asr_scored,,text,Friends_percentile,,,,,,,,,,,,,
family_percentile,asr_scored,,text,Family_percentile,,,,,,,,,,,,,
job_percentile,asr_scored,,text,Job_percentile,,,,,,,,,,,,,
education_percentile,asr_scored,,text,Education_percentile,,,,,,,,,,,,,
mean_adaptive_percentile,asr_scored,,text,Mean_Adaptive_percentile,,,,,,,,,,,,,
personal_strengths_percentile,asr_scored,,text,Personal_Strengths_percentile,,,,,,,,,,,,,
anxious_depressed_percentile,asr_scored,,text,Anxious_Depressed_percentile,,,,,,,,,,,,,
withdrawn_percentile,asr_scored,,text,Withdrawn_percentile,,,,,,,,,,,,,
somatic_complaints_percentile,asr_scored,,text,Somatic_Complaints_percentile,,,,,,,,,,,,,
thought_problems_percentile,asr_scored,,text,Thought_Problems_percentile,,,,,,,,,,,,,
attention_problems_percentile,asr_scored,,text,Attention_Problems_percentile,,,,,,,,,,,,,
aggressive_behavior_percentile,asr_scored,,text,Aggressive_Behavior_percentile,,,,,,,,,,,,,
rule_breaking_behavior_percentile,asr_scored,,text,Rule_Breaking_Behavior_percentile,,,,,,,,,,,,,
intrusive_percentile,asr_scored,,text,Intrusive_percentile,,,,,,,,,,,,,
internalizing_problems_percentile,asr_scored,,text,Internalizing_Problems_percentile,,,,,,,,,,,,,
externalizing_problems_percentile,asr_scored,,text,Externalizing_Problems_percentile,,,,,,,,,,,,,
percentile_problems_percentile,asr_scored,,text,percentile_Problems_percentile,,,,,,,,,,,,,
critical_items_percentile,asr_scored,,text,Critical_Items_percentile,,,,,,,,,,,,,
tobacco_times_per_day_percentile,asr_scored,,text,Tobacco_Times_Per_Day_percentile,,,,,,,,,,,,,
alcohol_days_drunk_percentile,asr_scored,,text,Alcohol_Days_Drunk_percentile,,,,,,,,,,,,,
drugs_days_used_percentile,asr_scored,,text,Drugs_Days_Used_percentile,,,,,,,,,,,,,
mean_substance_use_percentile,asr_scored,,text,Mean_Substance_Use_percentile,,,,,,,,,,,,,
depressive_problems_percentile,asr_scored,,text,Depressive_Problems_percentile,,,,,,,,,,,,,
anxiety_problems_percentile,asr_scored,,text,Anxiety_Problems_percentile,,,,,,,,,,,,,
somatic_problems_percentile,asr_scored,,text,Somatic_Problems_percentile,,,,,,,,,,,,,
avoidant_personality_problems_percentile,asr_scored,,text,Avoidant_Personality_Problems_percentile,,,,,,,,,,,,,
ad_h_problems_percentile,asr_scored,,text,AD_H_Problems_percentile,,,,,,,,,,,,,
antisocial_personality_percentile,asr_scored,,text,Antisocial_Personality_percentile,,,,,,,,,,,,,
inattention_prob_percentile,asr_scored,,text,Inattention_Problems_Subscale_percentile,,,,,,,,,,,,,
hyperactivity_impulsivity_prob_percentile,asr_scored,,text,Hyperactivity_Impulsivity_Problems_Subscale_percentile,,,,,,,,,,,,,
sluggish_cognitive_tempo_percentile,asr_scored,,text,Sluggish_Cognitive_Tempo_percentile,,,,,,,,,,,,,
obsessive_compulsive_problems_percentile,asr_scored,,text,Obsessive_Compulsive_Problems_percentile,,,,,,,,,,,,,